Workbook

Sheet ReadMe
A1: Budget Studio — Portfolio Model to $5k MRR
A3: Purpose: honest, editable model of what a portfolio of local-first ASO apps could earn. Edit the BLUE cells in Assumptions.
A5: Reality anchors (research-backed, not optimism):
A6: • Only ~17.3% of apps EVER reach $1K MRR (~250 subs). Source: launch_metrics benchmarks.
A7: • Real 2026 case: one indie shipped 8 apps in 2025 → $1,464 TOTAL for the year (best ~$700).
A8: • RevenueCat 2026: median app +5.3% MRR YoY; top-decile +306% (power law).
A10: How to read: Tiers models one app of each quality tier over 12 months. Scenarios mixes tiers into a 10-app portfolio.
A11: The BREAKOUT scenario needs a genuine top-decile winner — do not assume it.
A13: Verdict: $5k MRR in 60 days from zero budget is top-few-% / unlikely. Realistic path: 4–8 months with a portfolio + >=1 winner.

Sheet Assumptions
A1: Assumptions (edit blue cells)
A3: Monthly price ($) | B3: 4.99 | C3: Path A
A4: Yearly price ($) | B4: 34.99 | C4: Path A
A5: % buyers choosing yearly | B5: 0.6 | C5: assumption
A6: Apple commission | B6: 0.15 | C6: Small Business Program <$1M
A7: Net ARPU per payer / month ($) | B7: =((1-B5)*B3+B5*(B4/12))*(1-B6) -> 3.183675 | C7: computed
A8: Install->paid conversion | B8: 0.04 | C8: hybrid assumption (RevenueCat hard-paywall 10.7% / freemium 2.1%)
A9: Monthly churn | B9: 0.08 | C9: assumption
A11: Installs / month per app by tier
A12: Flop | B12: 80
A13: Modest | B13: 300
A14: Winner | B14: 700
A15: Breakout | B15: 2000
A17: Target MRR ($) | B17: 5000

Sheet Tiers
A1: Single-app active subscribers + MRR over 12 months (by tier)
A3: Month | B3: Flop subs | C3: Flop MRR | D3: Modest subs | E3: Modest MRR | F3: Winner subs | G3: Winner MRR | H3: Breakout subs | I3: Breakout MRR
A4: 1 | B4: =Assumptions!$B$12*Assumptions!$B$8 -> 3.2 | C4: =B4*Assumptions!$B$7 -> 10.18776 | D4: =Assumptions!$B$13*Assumptions!$B$8 -> 12 | E4: =D4*Assumptions!$B$7 -> 38.2041 | F4: =Assumptions!$B$14*Assumptions!$B$8 -> 28 | G4: =F4*Assumptions!$B$7 -> 89.1429 | H4: =Assumptions!$B$15*Assumptions!$B$8 -> 80 | I4: =H4*Assumptions!$B$7 -> 254.694
A5: 2 | B5: =B4*(1-Assumptions!$B$9)+Assumptions!$B$12*Assumptions!$B$8 -> 6.144 | C5: =B5*Assumptions!$B$7 -> 19.560499 | D5: =D4*(1-Assumptions!$B$9)+Assumptions!$B$13*Assumptions!$B$8 -> 23.04 | E5: =D5*Assumptions!$B$7 -> 73.351872 | F5: =F4*(1-Assumptions!$B$9)+Assumptions!$B$14*Assumptions!$B$8 -> 53.76 | G5: =F5*Assumptions!$B$7 -> 171.15437 | H5: =H4*(1-Assumptions!$B$9)+Assumptions!$B$15*Assumptions!$B$8 -> 153.6 | I5: =H5*Assumptions!$B$7 -> 489.01248
A6: 3 | B6: =B5*(1-Assumptions!$B$9)+Assumptions!$B$12*Assumptions!$B$8 -> 8.85248 | C6: =B6*Assumptions!$B$7 -> 28.183419 | D6: =D5*(1-Assumptions!$B$9)+Assumptions!$B$13*Assumptions!$B$8 -> 33.1968 | E6: =D6*Assumptions!$B$7 -> 105.68782 | F6: =F5*(1-Assumptions!$B$9)+Assumptions!$B$14*Assumptions!$B$8 -> 77.4592 | G6: =F6*Assumptions!$B$7 -> 246.60492 | H6: =H5*(1-Assumptions!$B$9)+Assumptions!$B$15*Assumptions!$B$8 -> 221.312 | I6: =H6*Assumptions!$B$7 -> 704.58548
A7: 4 | B7: =B6*(1-Assumptions!$B$9)+Assumptions!$B$12*Assumptions!$B$8 -> 11.344282 | C7: =B7*Assumptions!$B$7 -> 36.116506 | D7: =D6*(1-Assumptions!$B$9)+Assumptions!$B$13*Assumptions!$B$8 -> 42.541056 | E7: =D7*Assumptions!$B$7 -> 135.4369 | F7: =F6*(1-Assumptions!$B$9)+Assumptions!$B$14*Assumptions!$B$8 -> 99.262464 | G7: =F7*Assumptions!$B$7 -> 316.01943 | H7: =H6*(1-Assumptions!$B$9)+Assumptions!$B$15*Assumptions!$B$8 -> 283.60704 | I7: =H7*Assumptions!$B$7 -> 902.91264
A8: 5 | B8: =B7*(1-Assumptions!$B$9)+Assumptions!$B$12*Assumptions!$B$8 -> 13.636739 | C8: =B8*Assumptions!$B$7 -> 43.414945 | D8: =D7*(1-Assumptions!$B$9)+Assumptions!$B$13*Assumptions!$B$8 -> 51.137772 | E8: =D8*Assumptions!$B$7 -> 162.80604 | F8: =F7*(1-Assumptions!$B$9)+Assumptions!$B$14*Assumptions!$B$8 -> 119.32147 | G8: =F8*Assumptions!$B$7 -> 379.88077 | H8: =H7*(1-Assumptions!$B$9)+Assumptions!$B$15*Assumptions!$B$8 -> 340.91848 | I8: =H8*Assumptions!$B$7 -> 1085.3736
A9: 6 | B9: =B8*(1-Assumptions!$B$9)+Assumptions!$B$12*Assumptions!$B$8 -> 15.7458 | C9: =B9*Assumptions!$B$7 -> 50.12951 | D9: =D8*(1-Assumptions!$B$9)+Assumptions!$B$13*Assumptions!$B$8 -> 59.04675 | E9: =D9*Assumptions!$B$7 -> 187.98566 | F9: =F8*(1-Assumptions!$B$9)+Assumptions!$B$14*Assumptions!$B$8 -> 137.77575 | G9: =F9*Assumptions!$B$7 -> 438.63321 | H9: =H8*(1-Assumptions!$B$9)+Assumptions!$B$15*Assumptions!$B$8 -> 393.645 | I9: =H9*Assumptions!$B$7 -> 1253.2377
A10: 7 | B10: =B9*(1-Assumptions!$B$9)+Assumptions!$B$12*Assumptions!$B$8 -> 17.686136 | C10: =B10*Assumptions!$B$7 -> 56.306909 | D10: =D9*(1-Assumptions!$B$9)+Assumptions!$B$13*Assumptions!$B$8 -> 66.32301 | E10: =D10*Assumptions!$B$7 -> 211.15091 | F10: =F9*(1-Assumptions!$B$9)+Assumptions!$B$14*Assumptions!$B$8 -> 154.75369 | G10: =F10*Assumptions!$B$7 -> 492.68545 | H10: =H9*(1-Assumptions!$B$9)+Assumptions!$B$15*Assumptions!$B$8 -> 442.1534 | I10: =H10*Assumptions!$B$7 -> 1407.6727
A11: 8 | B11: =B10*(1-Assumptions!$B$9)+Assumptions!$B$12*Assumptions!$B$8 -> 19.471245 | C11: =B11*Assumptions!$B$7 -> 61.990116 | D11: =D10*(1-Assumptions!$B$9)+Assumptions!$B$13*Assumptions!$B$8 -> 73.017169 | E11: =D11*Assumptions!$B$7 -> 232.46294 | F11: =F10*(1-Assumptions!$B$9)+Assumptions!$B$14*Assumptions!$B$8 -> 170.37339 | G11: =F11*Assumptions!$B$7 -> 542.41352 | H11: =H10*(1-Assumptions!$B$9)+Assumptions!$B$15*Assumptions!$B$8 -> 486.78113 | I11: =H11*Assumptions!$B$7 -> 1549.7529
A12: 9 | B12: =B11*(1-Assumptions!$B$9)+Assumptions!$B$12*Assumptions!$B$8 -> 21.113545 | C12: =B12*Assumptions!$B$7 -> 67.218667 | D12: =D11*(1-Assumptions!$B$9)+Assumptions!$B$13*Assumptions!$B$8 -> 79.175796 | E12: =D12*Assumptions!$B$7 -> 252.07 | F12: =F11*(1-Assumptions!$B$9)+Assumptions!$B$14*Assumptions!$B$8 -> 184.74352 | G12: =F12*Assumptions!$B$7 -> 588.16334 | H12: =H11*(1-Assumptions!$B$9)+Assumptions!$B$15*Assumptions!$B$8 -> 527.83864 | I12: =H12*Assumptions!$B$7 -> 1680.4667
A13: 10 | B13: =B12*(1-Assumptions!$B$9)+Assumptions!$B$12*Assumptions!$B$8 -> 22.624462 | C13: =B13*Assumptions!$B$7 -> 72.028934 | D13: =D12*(1-Assumptions!$B$9)+Assumptions!$B$13*Assumptions!$B$8 -> 84.841732 | E13: =D13*Assumptions!$B$7 -> 270.1085 | F13: =F12*(1-Assumptions!$B$9)+Assumptions!$B$14*Assumptions!$B$8 -> 197.96404 | G13: =F13*Assumptions!$B$7 -> 630.25317 | H13: =H12*(1-Assumptions!$B$9)+Assumptions!$B$15*Assumptions!$B$8 -> 565.61155 | I13: =H13*Assumptions!$B$7 -> 1800.7233
A14: 11 | B14: =B13*(1-Assumptions!$B$9)+Assumptions!$B$12*Assumptions!$B$8 -> 24.014505 | C14: =B14*Assumptions!$B$7 -> 76.454379 | D14: =D13*(1-Assumptions!$B$9)+Assumptions!$B$13*Assumptions!$B$8 -> 90.054393 | E14: =D14*Assumptions!$B$7 -> 286.70392 | F14: =F13*(1-Assumptions!$B$9)+Assumptions!$B$14*Assumptions!$B$8 -> 210.12692 | G14: =F14*Assumptions!$B$7 -> 668.97581 | H14: =H13*(1-Assumptions!$B$9)+Assumptions!$B$15*Assumptions!$B$8 -> 600.36262 | I14: =H14*Assumptions!$B$7 -> 1911.3595
A15: 12 | B15: =B14*(1-Assumptions!$B$9)+Assumptions!$B$12*Assumptions!$B$8 -> 25.293344 | C15: =B15*Assumptions!$B$7 -> 80.525789 | D15: =D14*(1-Assumptions!$B$9)+Assumptions!$B$13*Assumptions!$B$8 -> 94.850042 | E15: =D15*Assumptions!$B$7 -> 301.97171 | F15: =F14*(1-Assumptions!$B$9)+Assumptions!$B$14*Assumptions!$B$8 -> 221.31676 | G15: =F15*Assumptions!$B$7 -> 704.60065 | H15: =H14*(1-Assumptions!$B$9)+Assumptions!$B$15*Assumptions!$B$8 -> 632.33361 | I15: =H15*Assumptions!$B$7 -> 2013.1447

Sheet Scenarios
A1: Scenarios — 10-app portfolio (edit blue counts)
A3: Scenario | B3: #Flop | C3: #Modest | D3: #Winner | E3: #Breakout | F3: MRR @ M6 | G3: MRR @ M12 | H3: Reaches $5k? (M12)
A4: Pessimistic (like 8-apps=$1,464/yr) | B4: 8 | C4: 2 | D4: 0 | E4: 0 | F4: =B4*Tiers!$C$9+C4*Tiers!$E$9+D4*Tiers!$G$9+E4*Tiers!$I$9 -> 777.0074 | G4: =B4*Tiers!$C$15+C4*Tiers!$E$15+D4*Tiers!$G$15+E4*Tiers!$I$15 -> 1248.1497 | H4: =IF(G4>=Assumptions!$B$17,"Yes","No") -> No
A5: Base | B5: 5 | C5: 4 | D5: 1 | E5: 0 | F5: =B5*Tiers!$C$9+C5*Tiers!$E$9+D5*Tiers!$G$9+E5*Tiers!$I$9 -> 1441.2234 | G5: =B5*Tiers!$C$15+C5*Tiers!$E$15+D5*Tiers!$G$15+E5*Tiers!$I$15 -> 2315.1164 | H5: =IF(G5>=Assumptions!$B$17,"Yes","No") -> No
A6: Breakout (needs a top-decile win) | B6: 5 | C6: 3 | D6: 1 | E6: 1 | F6: =B6*Tiers!$C$9+C6*Tiers!$E$9+D6*Tiers!$G$9+E6*Tiers!$I$9 -> 2506.4755 | G6: =B6*Tiers!$C$15+C6*Tiers!$E$15+D6*Tiers!$G$15+E6*Tiers!$I$15 -> 4026.2894 | H6: =IF(G6>=Assumptions!$B$17,"Yes","No") -> No
A9: Portfolio MRR trajectory ($/month)
A10: Month | B10: Pessimistic | C10: Base | D10: Breakout
A11: 1 | B11: =$B$4*Tiers!$C$4+$C$4*Tiers!$E$4+$D$4*Tiers!$G$4+$E$4*Tiers!$I$4 -> 157.91028 | C11: =$B$5*Tiers!$C$4+$C$5*Tiers!$E$4+$D$5*Tiers!$G$4+$E$5*Tiers!$I$4 -> 292.8981 | D11: =$B$6*Tiers!$C$4+$C$6*Tiers!$E$4+$D$6*Tiers!$G$4+$E$6*Tiers!$I$4 -> 509.388
A12: 2 | B12: =$B$4*Tiers!$C$5+$C$4*Tiers!$E$5+$D$4*Tiers!$G$5+$E$4*Tiers!$I$5 -> 303.18774 | C12: =$B$5*Tiers!$C$5+$C$5*Tiers!$E$5+$D$5*Tiers!$G$5+$E$5*Tiers!$I$5 -> 562.36435 | D12: =$B$6*Tiers!$C$5+$C$6*Tiers!$E$5+$D$6*Tiers!$G$5+$E$6*Tiers!$I$5 -> 978.02496
A13: 3 | B13: =$B$4*Tiers!$C$6+$C$4*Tiers!$E$6+$D$4*Tiers!$G$6+$E$4*Tiers!$I$6 -> 436.843 | C13: =$B$5*Tiers!$C$6+$C$5*Tiers!$E$6+$D$5*Tiers!$G$6+$E$5*Tiers!$I$6 -> 810.2733 | D13: =$B$6*Tiers!$C$6+$C$6*Tiers!$E$6+$D$6*Tiers!$G$6+$E$6*Tiers!$I$6 -> 1409.171
A14: 4 | B14: =$B$4*Tiers!$C$7+$C$4*Tiers!$E$7+$D$4*Tiers!$G$7+$E$4*Tiers!$I$7 -> 559.80584 | C14: =$B$5*Tiers!$C$7+$C$5*Tiers!$E$7+$D$5*Tiers!$G$7+$E$5*Tiers!$I$7 -> 1038.3495 | D14: =$B$6*Tiers!$C$7+$C$6*Tiers!$E$7+$D$6*Tiers!$G$7+$E$6*Tiers!$I$7 -> 1805.8253
A15: 5 | B15: =$B$4*Tiers!$C$8+$C$4*Tiers!$E$8+$D$4*Tiers!$G$8+$E$4*Tiers!$I$8 -> 672.93165 | C15: =$B$5*Tiers!$C$8+$C$5*Tiers!$E$8+$D$5*Tiers!$G$8+$E$5*Tiers!$I$8 -> 1248.1797 | D15: =$B$6*Tiers!$C$8+$C$6*Tiers!$E$8+$D$6*Tiers!$G$8+$E$6*Tiers!$I$8 -> 2170.7473
A16: 6 | B16: =$B$4*Tiers!$C$9+$C$4*Tiers!$E$9+$D$4*Tiers!$G$9+$E$4*Tiers!$I$9 -> 777.0074 | C16: =$B$5*Tiers!$C$9+$C$5*Tiers!$E$9+$D$5*Tiers!$G$9+$E$5*Tiers!$I$9 -> 1441.2234 | D16: =$B$6*Tiers!$C$9+$C$6*Tiers!$E$9+$D$6*Tiers!$G$9+$E$6*Tiers!$I$9 -> 2506.4755
A17: 7 | B17: =$B$4*Tiers!$C$10+$C$4*Tiers!$E$10+$D$4*Tiers!$G$10+$E$4*Tiers!$I$10 -> 872.75709 | C17: =$B$5*Tiers!$C$10+$C$5*Tiers!$E$10+$D$5*Tiers!$G$10+$E$5*Tiers!$I$10 -> 1618.8236 | D17: =$B$6*Tiers!$C$10+$C$6*Tiers!$E$10+$D$6*Tiers!$G$10+$E$6*Tiers!$I$10 -> 2815.3454
A18: 8 | B18: =$B$4*Tiers!$C$11+$C$4*Tiers!$E$11+$D$4*Tiers!$G$11+$E$4*Tiers!$I$11 -> 960.8468 | C18: =$B$5*Tiers!$C$11+$C$5*Tiers!$E$11+$D$5*Tiers!$G$11+$E$5*Tiers!$I$11 -> 1782.2158 | D18: =$B$6*Tiers!$C$11+$C$6*Tiers!$E$11+$D$6*Tiers!$G$11+$E$6*Tiers!$I$11 -> 3099.5058
A19: 9 | B19: =$B$4*Tiers!$C$12+$C$4*Tiers!$E$12+$D$4*Tiers!$G$12+$E$4*Tiers!$I$12 -> 1041.8893 | C19: =$B$5*Tiers!$C$12+$C$5*Tiers!$E$12+$D$5*Tiers!$G$12+$E$5*Tiers!$I$12 -> 1932.5367 | D19: =$B$6*Tiers!$C$12+$C$6*Tiers!$E$12+$D$6*Tiers!$G$12+$E$6*Tiers!$I$12 -> 3360.9333
A20: 10 | B20: =$B$4*Tiers!$C$13+$C$4*Tiers!$E$13+$D$4*Tiers!$G$13+$E$4*Tiers!$I$13 -> 1116.4485 | C20: =$B$5*Tiers!$C$13+$C$5*Tiers!$E$13+$D$5*Tiers!$G$13+$E$5*Tiers!$I$13 -> 2070.8318 | D20: =$B$6*Tiers!$C$13+$C$6*Tiers!$E$13+$D$6*Tiers!$G$13+$E$6*Tiers!$I$13 -> 3601.4467
A21: 11 | B21: =$B$4*Tiers!$C$14+$C$4*Tiers!$E$14+$D$4*Tiers!$G$14+$E$4*Tiers!$I$14 -> 1185.0429 | C21: =$B$5*Tiers!$C$14+$C$5*Tiers!$E$14+$D$5*Tiers!$G$14+$E$5*Tiers!$I$14 -> 2198.0634 | D21: =$B$6*Tiers!$C$14+$C$6*Tiers!$E$14+$D$6*Tiers!$G$14+$E$6*Tiers!$I$14 -> 3822.7189
A22: 12 | B22: =$B$4*Tiers!$C$15+$C$4*Tiers!$E$15+$D$4*Tiers!$G$15+$E$4*Tiers!$I$15 -> 1248.1497 | C22: =$B$5*Tiers!$C$15+$C$5*Tiers!$E$15+$D$5*Tiers!$G$15+$E$5*Tiers!$I$15 -> 2315.1164 | D22: =$B$6*Tiers!$C$15+$C$6*Tiers!$E$15+$D$6*Tiers!$G$15+$E$6*Tiers!$I$15 -> 4026.2894
